n,power,time_ms,reduction
1024,10,2.25651,-0.814642
2048,11,2.07331,-0.904078
4096,12,2.19082,-2.27855
8192,13,2.05373,1.61401
16384,14,2.17802,-72.6737
32768,15,1.87786,-95.0901
65536,16,2.16528,32.2301
131072,17,2.06822,176.407
262144,18,2.24278,-39.6909
524288,19,2.64573,495.283
1048576,20,2.452,330.886
