n,power,time_ms,last_value,last_count
32,5,3.47296,497,1
64,6,3.14496,497,1
128,7,2.99574,497,1
256,8,3.10301,497,1
512,9,2.98928,499,2
1024,10,3.09187,499,2
2048,11,3.06602,500,2
4096,12,3.03843,500,4
8192,13,3.14221,500,9
16384,14,3.11149,500,26
32768,15,3.19648,500,60
65536,16,3.16886,500,130
131072,17,3.56048,500,251
262144,18,3.89798,500,527
524288,19,4.26371,500,1062
1048576,20,4.34182,500,2122
