n,power,time_ms,reduction
1024,10,0.048384,-0.814642
2048,11,0.046208,-0.904078
4096,12,0.041984,-2.27856
8192,13,0.0512,1.61401
16384,14,0.052,-72.6737
32768,15,0.05248,-95.0901
65536,16,0.050688,32.2301
131072,17,0.051104,176.407
262144,18,0.04928,-39.6909
524288,19,0.048896,495.283
1048576,20,0.049696,330.886
