t,time_ms_nosimd,time_ms_simd
1,0.436153300000,0.112543600000
2,0.285715300000,0.115357700000
3,0.230408400000,0.115269500000
4,0.333174000000,0.194788700000
5,0.317443500000,0.191016900000
6,0.318535600000,0.202135100000
7,3.969064000000,4.888450000000
8,11.042999000000,9.808953000000
9,10.697334000000,10.241330000000
10,10.601337000000,10.417872000000
