t,time_ms_nosimd,time_ms_simd
1,0.427969600000,0.111591500000
2,0.220597200000,0.076583500000
3,0.152754100000,0.047658700000
4,0.123108700000,0.037116700000
5,0.109917700000,0.032279600000
6,0.145983200000,0.036675400000
7,0.124949700000,0.033450300000
8,0.113325700000,0.032660500000
9,0.102524600000,0.031707400000
10,0.094889400000,0.034910300000
