t,time_ms_nosimd,time_ms_simd
1,0.427866300000,0.112296500000
2,0.282742300000,0.120525000000
3,0.237590600000,0.124936700000
4,0.241809500000,0.145523200000
5,0.224143200000,0.162532300000
6,0.304648500000,0.202310000000
7,0.320100800000,0.218777100000
8,0.329213000000,0.240667700000
9,1.092616600000,0.260569900000
10,0.356940400000,0.834224800000
